tag ,origin_lon,origin_lat
tag1,121.200093,31.237193
tag2,121.200093,31.237193