origin_lon,origin_lat,dest_lon  ,dest_lat
121.200093,31.237193 ,121.322876,31.046132