origin_lon,origin_lat
121.200093,31.237193